"FID","nome","uf","codigo_ibg","codigo_mun","ano","populacao","agua","esgoto","taxa_esgoto","taxa_agua"
"1",0,"Fagundes","PB",2506103,250610,2015,11378,6067,NA,NA,0.533222007382668
"2",1,"Frei Martinho","PB",2506202,250620,2015,2986,2144,2984,0.999330207635633,0.718017414601474
"3",2,"Gado Bravo","PB",2506251,250625,2015,8450,NA,NA,NA,NA
"4",3,"Ingá","PB",2506806,250680,2015,18042,12808,NA,NA,0.709899124265603
"5",4,"Itabaiana","PB",2506905,250690,2015,24565,18119,NA,NA,0.737594138001221
"6",5,"Itatuba","PB",2507200,250720,2015,10739,6008,NA,NA,0.559456187726976
"7",6,"Condado","PE",2604601,250450,2015,6733,6181,NA,NA,0.918015743353631
"8",7,"Jericó","PB",2507408,250740,2015,7717,4129,4833,0.626279642348063,0.535052481534275
"9",8,"Brejo dos Santos","PB",2502904,250290,2015,6413,5097,NA,NA,0.794791829097146
"10",9,"Massaranduba","PB",2509206,250920,2015,13654,4230,NA,NA,0.309799326204775
"11",10,"Mato Grosso","PB",2509370,250937,2015,2869,798,NA,NA,0.278145695364238
"12",11,"Jataúba","PE",2608008,260800,2015,16858,2592,NA,NA,0.153754893818958
"13",12,"João Alfredo","PE",2608107,260810,2015,32939,19835,NA,NA,0.60217371504903
"14",13,"Parari","PB",2510659,251065,2015,1795,924,NA,NA,0.514763231197772
"15",14,"Olivedos","PB",2510501,251050,2015,3880,2369,NA,NA,0.610567010309278
"16",15,"Altinho","PE",2600807,260080,2015,22876,18190,NA,NA,0.79515649589089
"17",16,"Canhotinho","PE",2603702,260370,2015,24837,14181,NA,NA,0.57096267665177
"18",17,"Monteiro","PB",2509701,250970,2015,32774,24337,19189,0.585494599377555,0.742570330139745
"19",18,"Natuba","PB",2509909,250990,2015,10450,3447,NA,NA,0.329856459330144
"20",19,"Nazarezinho","PB",2510006,251000,2015,7318,NA,NA,NA,NA
"21",20,"Boa Vista","PB",2502151,250215,2015,6884,4861,NA,NA,0.706130156885532
"22",21,"Bom Jesus","PB",2502201,250220,2015,2532,1811,NA,NA,0.715244865718799
"23",22,"Nova Palmeira","PB",2510303,251030,2015,4784,NA,2556,0.53428093645485,NA
"24",23,"Patos","PB",2510808,251080,2015,106314,106314,7017,0.0660025960833004,1
"25",24,"Paulista","PB",2510907,251090,2015,12216,4678,NA,NA,0.382940406024885
"26",25,"Pedra Lavrada","PB",2511103,251110,2015,7982,3709,2928,0.36682535705337,0.46467050864445
"27",26,"Lagoa do Ouro","PE",2608602,260860,2015,12865,6852,NA,NA,0.53260785075787
"28",27,"Equador","RN",2403400,240340,2015,6087,4707,NA,NA,0.773287333661902
"29",28,"Capoeiras","PE",2603801,260380,2015,19997,7092,NA,NA,0.354653197979697
"30",29,"Lagoa dos Gatos","PE",2608701,260870,2015,16161,9815,NA,NA,0.607326279314399
"31",30,"Carnaíba","PE",2603900,260390,2015,19318,11972,NA,NA,0.619732891603686
"32",31,"João Pessoa","PB",2507507,250750,2015,791438,791438,599226,0.757135745314225,1
"33",32,"Felipe Guerra","RN",2403707,240370,2015,6013,3470,NA,NA,0.577082986861799
"34",33,"Carnaubeira da Penha","PE",2603926,260392,2015,12603,3200,3200,0.253907799730223,0.253907799730223
"35",34,"Cupira","PE",2605004,260500,2015,23841,23841,NA,NA,1
"36",35,"Alto Santo","CE",2300705,230070,2015,16876,5764,NA,NA,0.341550130362645
"37",36,"Abaiara","CE",2300101,230010,2015,11357,3829,NA,NA,0.337148894954653
"38",37,"Cabaceiras","PB",2503100,250310,2015,5449,2463,NA,NA,0.452009543035419
"39",38,"Picuí","PB",2511400,251140,2015,18670,13705,NA,NA,0.734065345474022
"40",39,"Pilar","PB",2511509,251150,2015,11786,7847,NA,NA,0.665789920244358
"41",40,"Fernando Pedroza","RN",2403756,240375,2015,3037,2635,NA,NA,0.86763253210405
"42",41,"Horizonte","CE",2305233,230523,2015,63365,43745,4352,0.0686814487493096,0.690365343643968
"43",42,"Pocinhos","PB",2512002,251200,2015,18272,NA,NA,NA,NA
"44",43,"Serrinha dos Pintos","RN",2413557,241355,2015,4797,2540,NA,NA,0.529497602668334
"45",44,"Umbuzeiro","PB",2517001,251700,2015,9889,1360,1000,0.10112245929821,0.137526544645566
"46",45,"Poço Dantas","PB",2512036,251203,2015,3778,796,NA,NA,0.210693488618317
"47",46,"Poço de José de Moura","PB",2512077,251207,2015,4245,3953,NA,NA,0.931213191990577
"48",47,"Jaguaruana","CE",2307007,230700,2015,33469,13642,NA,NA,0.40760106367086
"49",48,"Taquaritinga do Norte","PE",2615003,261500,2015,27592,8630,23000,0.833574949260655,0.312771817918237
"50",49,"Lajes","RN",2406700,240670,2015,11151,8840,6179,0.55412070666308,0.792754013092996
"51",50,"Exu","PE",2605301,260530,2015,31928,18481,NA,NA,0.57883362565773
"52",51,"Terezinha","PE",2615102,261510,2015,7057,3602,NA,NA,0.510415190590903
"53",52,"Granito","PE",2606309,260630,2015,7308,3756,3368,0.460864805692392,0.513957307060755
"54",53,"Gravatá","PE",2606408,260640,2015,81893,81893,1512,0.0184631165056842,1
"55",54,"Venturosa","PE",2616001,261600,2015,17870,8992,NA,NA,0.503189703413542
"56",55,"Pombal","PB",2512101,251210,2015,32712,32051,17412,0.532281731474688,0.979793348006848
"57",56,"Prata","PB",2512200,251220,2015,4109,2748,NA,NA,0.668775857872962
"58",57,"Puxinanã","PB",2512408,251240,2015,13557,4947,NA,NA,0.364903739765435
"59",58,"Queimadas","PB",2512507,251250,2015,43667,30488,638,0.0146105754917901,0.69819314356379
"60",59,"Salgadinho","PB",2513000,251300,2015,3871,1305,692,0.178765176956859,0.337122190648411
"61",60,"Monte Horebe","PB",2509602,250960,2015,4759,3421,NA,NA,0.718848497583526
"62",61,"Salgado de São Félix","PB",2513109,251310,2015,12144,4283,NA,NA,0.352684453227932
"63",62,"Santa Cruz","PB",2513208,251320,2015,6579,4176,NA,NA,0.634746922024624
"64",63,"Timbaúba dos Batistas","RN",2414308,241430,2015,2418,1821,NA,NA,0.753101736972705
"65",64,"Santa Helena","PB",2513307,251330,2015,5917,3252,1700,0.287307757309447,0.54960283927666
"66",65,"Taboleiro Grande","RN",2413805,241380,2015,2518,1804,NA,NA,0.716441620333598
"67",66,"Saloá","PE",2612307,261230,2015,15742,5552,NA,NA,0.352687079151315
"68",67,"Santa Luzia","PB",2513406,251340,2015,15278,14197,13991,0.915761225291268,0.929244665532138
"69",68,"Riacho dos Cavalos","PB",2512804,251280,2015,8563,NA,8538,0.997080462454747,NA
"70",69,"Santa Rita","PB",2513703,251370,2015,134940,118055,5101,0.037801986067882,0.874870312731584
"71",70,"Triunfo","PE",2615706,251680,2015,9447,NA,NA,NA,NA
"72",71,"Cruzeta","RN",2403004,240300,2015,8164,6682,6000,0.734933855952964,0.818471337579618
"73",72,"São Bentinho","PB",2513927,251392,2015,4451,3356,NA,NA,0.753987867894855
"74",73,"São Bento","PB",2513901,251390,2015,33464,28382,26000,0.776954338991155,0.848135309586421
"75",74,"Tenente Ananias","RN",2414100,241410,2015,10646,7691,NA,NA,0.722430959984971
"76",75,"São João do Rio do Peixe","PB",2500700,250070,2015,17929,NA,NA,NA,NA
"77",76,"Alexandria","RN",2400505,240050,2015,13852,13512,5513,0.397993069592839,0.975454807969968
"78",77,"São Francisco","PB",2513984,251398,2015,3375,1578,NA,NA,0.467555555555556
"79",78,"Alto do Rodrigues","RN",2400703,240070,2015,13915,9966,197,0.0141573841178584,0.716205533596838
"80",79,"São José da Lagoa Tapada","PB",2514206,251420,2015,7677,3360,NA,NA,0.437670965220789
"81",80,"Apodi","RN",2401008,240100,2015,36189,18584,NA,NA,0.513526209621708
"82",81,"São José de Espinharas","PB",2514404,251440,2015,4684,2074,NA,NA,0.442783945345858
"83",82,"Angicos","RN",2400802,240080,2015,11907,10507,NA,NA,0.882422104644327
"84",83,"Antônio Martins","RN",2400901,240090,2015,7205,2879,1527,0.211936155447606,0.399583622484386
"85",84,"São José de Piranhas","PB",2514503,251450,2015,19956,16001,NA,NA,0.801813990779715
"86",85,"São Mamede","PB",2514909,251490,2015,7756,7232,5935,0.765214027849407,0.932439401753481
"87",86,"São José dos Ramos","PB",2514453,251445,2015,5870,2622,NA,NA,0.446678023850085
"88",87,"Severiano Melo","RN",2413607,241360,2015,3893,3893,NA,NA,1
"89",88,"São Sebastião do Umbuzeiro","PB",2515203,251520,2015,3440,2500,2300,0.668604651162791,0.726744186046512
"90",89,"Sapé","PB",2515302,251530,2015,52218,34410,10941,0.20952545099391,0.658968171894749
"91",90,"Santa Terezinha","PE",2612802,261280,2015,11627,8557,NA,NA,0.735959404833577
"92",91,"Areia Branca","RN",2401107,240110,2015,27356,21955,NA,NA,0.802566164643954
"93",92,"Coronel João Pessoa","RN",2402907,240290,2015,4963,1700,NA,NA,0.342534757203304
"94",93,"Seridó","PB",2515401,251540,2015,10900,4412,NA,NA,0.404770642201835
"95",94,"Serra Branca","PB",2515500,251550,2015,13564,10630,NA,NA,0.783692126216455
"96",95,"Soledade","PB",2516102,251610,2015,14714,12425,NA,NA,0.844433872502379
"97",96,"Caicó","RN",2402006,240200,2015,67259,61630,5683,0.0844942684250435,0.91630859810583
"98",97,"Riacho de Santo Antônio","PB",2512788,251278,2015,1923,NA,NA,NA,NA
"99",98,"Caraúbas","RN",2402303,250407,2015,4115,1918,2318,0.563304981773998,0.466099635479951
"100",99,"Carnaúba dos Dantas","RN",2402402,240240,2015,8045,5227,NA,NA,0.649720323182101
"101",100,"Carnaubais","RN",2402501,240250,2015,10760,3167,2405,0.223513011152416,0.294330855018587
"102",101,"São João do Cariri","PB",2514008,251400,2015,4323,3624,NA,NA,0.838306731436502
"103",102,"Serra do Mel","RN",2413359,241335,2015,11507,607,NA,NA,0.0527504996958373
"104",103,"João Dias","RN",2405900,240590,2015,2691,972,NA,NA,0.361204013377926
"105",104,"José da Penha","RN",2406007,240600,2015,6049,3651,413,0.0682757480575302,0.603570838155067
"106",105,"Serra Negra do Norte","RN",2413409,241340,2015,8130,6503,5712,0.702583025830258,0.799876998769988
"107",106,"São José do Brejo do Cruz","PB",2514651,251465,2015,1780,1318,400,0.224719101123595,0.740449438202247
"108",107,"Ouro Branco","RN",2408508,240850,2015,4871,3377,2500,0.513241634161363,0.693286799425169
"109",108,"Messias Targino","RN",2407609,240760,2015,4530,2482,NA,NA,0.547902869757174
"110",109,"São José do Sabugi","PB",2514701,251470,2015,4124,3375,2212,0.536372453928225,0.818380213385063
"111",110,"Paraná","RN",2408607,240860,2015,4222,2874,NA,NA,0.680720037896731
"112",111,"São José dos Cordeiros","PB",2514800,251480,2015,3729,2487,NA,NA,0.666934835076428
"113",112,"Serra Redonda","PB",2515807,251580,2015,7053,NA,NA,NA,NA
"114",113,"Paraú","RN",2408706,240870,2015,3891,3424,NA,NA,0.879979439732717
"115",114,"Mossoró","RN",2408003,240800,2015,288162,263279,129456,0.449247298394653,0.913649266731908
"116",115,"Tibau","RN",2411056,241105,2015,4019,3090,NA,NA,0.768847972132371
"117",116,"Calçado","PE",2603306,260330,2015,11136,3922,NA,NA,0.352191091954023
"118",117,"Condado","PB",2504504,250450,2015,6733,6181,NA,NA,0.918015743353631
"119",118,"Vieirópolis","PB",2517209,251720,2015,5295,1186,NA,NA,0.223984891406988
"120",119,"São João","PE",2613206,261320,2015,22403,13749,NA,NA,0.61371244922555
"121",120,"São Vicente","RN",2413003,241300,2015,6400,5185,NA,NA,0.81015625
"122",121,"Riachuelo","RN",2410900,241090,2015,7863,4837,4301,0.546992242146763,0.615159608292001
"123",122,"Triunfo Potiguar","RN",2414456,241445,2015,3366,2894,NA,NA,0.859774212715389
"124",123,"Umarizal","RN",2414506,241450,2015,10835,9219,NA,NA,0.850853714813106
"125",124,"Upanema","RN",2414605,241460,2015,14282,7050,NA,NA,0.493628343369276
"126",125,"Várzea","RN",2414704,251710,2015,2747,2426,1800,0.655260283946123,0.883145249362941
"127",126,"Venha-Ver","RN",2414753,241475,2015,4121,1293,NA,NA,0.313758796408639
"128",127,"Viçosa","RN",2414902,241490,2015,1714,1632,NA,NA,0.952158693115519
"129",128,"Tenente Laurentino Cruz","RN",2414159,241415,2015,5757,4658,NA,NA,0.809101962827862
"130",129,"Calumbi","PE",2603405,260340,2015,5745,2649,NA,NA,0.461096605744125
"131",130,"Caetés","PE",2603207,260320,2015,28145,6536,NA,NA,0.232225972641677
"132",131,"Frutuoso Gomes","RN",2404002,240400,2015,4228,2809,NA,NA,0.66438032166509
"133",132,"Grossos","RN",2404408,240440,2015,10197,7642,NA,NA,0.74943610865941
"134",133,"Florânia","RN",2403806,240380,2015,9254,7114,7083,0.765398746488005,0.768748649232764
"135",134,"Lagoa","PB",2508109,250810,2015,4687,2380,NA,NA,0.507787497333049
"136",135,"Currais Novos","RN",2403103,240310,2015,44887,37929,30087,0.670283155479315,0.844988526744937
"137",136,"Encanto","RN",2403301,240330,2015,5593,2464,5593,1,0.440550688360451
"138",137,"Jardim do Seridó","RN",2405702,240570,2015,12553,10192,NA,NA,0.811917469927507
"139",138,"Jucurutu","RN",2406106,240610,2015,18450,11341,3757,0.203631436314363,0.614688346883469
"140",139,"Lagoa Nova","RN",2406502,240650,2015,15274,7586,5042,0.330103443760639,0.496660992536336
"141",140,"Macau","RN",2407203,240720,2015,31318,23797,20618,0.65834344466441,0.75985056517019
"142",141,"Marcelino Vieira","RN",2407302,240730,2015,8499,5058,NA,NA,0.595128838686904
"143",142,"Martins","RN",2407401,240740,2015,8706,5340,NA,NA,0.613370089593384
"144",143,"Santana do Matos","RN",2411403,241140,2015,13605,6804,NA,NA,0.500110253583241
"145",144,"São Fernando","RN",2411809,241180,2015,3587,2423,2187,0.609701700585447,0.675494842486758
"146",145,"São Francisco do Oeste","RN",2411908,241190,2015,4173,3176,NA,NA,0.761083153606518
"147",146,"São Gonçalo do Amarante","RN",2412005,231240,2015,47297,15927,5987,0.126583081379369,0.336744402393386
"148",147,"São João do Sabugi","RN",2412104,241210,2015,6218,4994,NA,NA,0.803152138951431
"149",148,"Sousa","PB",2516201,251620,2015,68822,61453,28819,0.418746912324547,0.892926680421958
"150",149,"Ipanguaçu","RN",2404705,240470,2015,15147,3842,NA,NA,0.25364758698092
"151",150,"Camocim de São Félix","PE",2603504,260350,2015,18292,13072,NA,NA,0.714629346162257
"152",151,"Francisco Dantas","RN",2403905,240390,2015,2909,1667,NA,NA,0.573049157786181
"153",152,"Governador Dix-Sept Rosado","RN",2404309,240430,2015,13048,6092,NA,NA,0.466891477621091
"154",153,"Ouro Velho","PB",2510600,251060,2015,3023,2063,1700,0.56235527621568,0.682434667548793
"155",154,"Juarez Távora","PB",2507606,250760,2015,7850,7158,NA,NA,0.911847133757962
"156",155,"Janduís","RN",2405207,240520,2015,5419,4101,NA,NA,0.756781694039491
"157",156,"Juazeirinho","PB",2507705,250770,2015,17902,8442,NA,NA,0.471567422634343
"158",157,"Juripiranga","PB",2507903,250790,2015,10669,7227,NA,NA,0.677383072452901
"159",158,"Lastro","PB",2508406,250840,2015,2765,1614,NA,NA,0.58372513562387
"160",159,"Livramento","PB",2508505,250850,2015,7355,4238,NA,NA,0.576206662134602
"161",160,"Jardim de Angicos","RN",2405504,240550,2015,2669,1432,NA,NA,0.536530535781191
"162",161,"Boqueirão","PB",2502508,250250,2015,17670,11319,12462,0.705263157894737,0.640577249575552
"163",162,"Malta","PB",2508802,250880,2015,5672,5481,NA,NA,0.96632581100141
"164",163,"Ipueira","RN",2404804,240480,2015,2221,2020,NA,NA,0.909500225123818
"165",164,"Itaú","RN",2404903,240490,2015,5878,5161,NA,NA,0.878019734603607
"166",165,"Brejo do Cruz","PB",2502805,250280,2015,13900,10100,NA,NA,0.726618705035971
"167",166,"Areia de Baraúnas","PB",2501153,250115,2015,1880,953,1412,0.751063829787234,0.506914893617021
"168",167,"Baraúna","PB",2501534,240145,2015,27238,17132,NA,NA,0.628974227182613
"169",168,"Mogeiro","PB",2509404,250940,2015,13317,2871,NA,NA,0.215589096643388
"170",169,"Pilões","PB",2511608,251160,2015,6728,NA,NA,NA,NA
"171",170,"Passagem","PB",2510709,251070,2015,2383,2115,NA,NA,0.887536718422157
"172",171,"Riachão do Bacamarte","PB",2512754,251275,2015,4476,2228,NA,NA,0.497765862377122
"173",172,"Cachoeira dos Índios","PB",2503308,250330,2015,10114,3981,NA,NA,0.393612813921297
"174",173,"Augusto Severo","RN",2401305,240130,2015,9716,5232,NA,NA,0.538493207081103
"175",174,"Cajazeiras","PB",2503704,250370,2015,61431,61431,9287,0.151177744135697,1
"176",175,"Caldas Brandão","PB",2503803,250380,2015,5945,5342,NA,NA,0.898570227081581
"177",176,"Ingazeira","PE",2607109,260710,2015,4556,2147,NA,NA,0.471246707638279
"178",177,"Camalaú","PB",2503902,250390,2015,5971,4292,355,0.0594540278010384,0.718807569921286
"179",178,"Caturité","PB",2504355,250435,2015,4779,1891,NA,NA,0.39568947478552
"180",179,"Baraúna","RN",2401453,240145,2015,27238,17132,NA,NA,0.628974227182613
"181",180,"Alagoinha","PB",2500502,250050,2015,14284,11100,NA,NA,0.777093251190143
"182",181,"Sobrado","PB",2515971,251597,2015,7712,2085,NA,NA,0.270357883817427
"183",182,"Alcantil","PB",2500536,250053,2015,5451,5425,5425,0.995230232984773,0.995230232984773
"184",183,"Amparo","PB",2500734,250073,2015,2212,1498,998,0.451175406871609,0.677215189873418
"185",184,"Aparecida","PB",2500775,250077,2015,8263,4806,NA,NA,0.581628948323853
"186",185,"Bom Jesus","RN",2401701,250220,2015,2532,1811,NA,NA,0.715244865718799
"187",186,"Brejinho","RN",2401800,260250,2015,7464,4740,NA,NA,0.635048231511254
"188",187,"Congo","PB",2504702,250470,2015,4780,4314,NA,NA,0.902510460251046
"189",188,"Lucrécia","RN",2406908,240690,2015,3933,2416,2468,0.627510806000509,0.614289346554793
"190",189,"Cruz do Espírito Santo","PB",2504900,250490,2015,17212,6233,NA,NA,0.362131071345573
"191",190,"Cubati","PB",2505006,250500,2015,7193,5682,645,0.0896705129987488,0.789934658695954
"192",191,"Vista Serrana","PB",2505501,250550,2015,3744,2900,NA,NA,0.77457264957265
"193",192,"Zabelê","PB",2517407,251740,2015,2208,1566,NA,NA,0.709239130434783
"194",193,"Bom Sucesso","PB",2502300,250230,2015,5007,2158,NA,NA,0.430996604753345
"195",194,"Bonito de Santa Fé","PB",2502409,250240,2015,11684,9026,8500,0.727490585415953,0.772509414584047
"196",195,"Agrestina","PE",2600302,260030,2015,24256,23436,NA,NA,0.966193931398417
"197",196,"Águas Belas","PE",2600500,260050,2015,42566,20270,NA,NA,0.476201663299347
"198",197,"Angelim","PE",2601003,260100,2015,10882,7541,NA,NA,0.692979231758868
"199",198,"Araripina","PE",2601102,260110,2015,82800,53978,35531,0.429118357487923,0.651908212560386
"200",199,"Arcoverde","PE",2601201,260120,2015,72625,67787,3859,0.0531359724612737,0.933383820998279
"201",200,"Barra de Guabiraba","PE",2601300,260130,2015,13953,13764,NA,NA,0.986454525908407
"202",201,"Cedro","PE",2604304,230380,2015,25013,12298,881,0.0352216847239435,0.491664334546036
"203",202,"Belo Jardim","PE",2601706,260170,2015,75462,75462,53155,0.704394264663009,1
"204",203,"Betânia","PE",2601805,260180,2015,12539,5691,3878,0.309275061807162,0.453863944493181
"205",204,"Bom Conselho","PE",2602100,260210,2015,47760,30960,NA,NA,0.648241206030151
"206",205,"Bezerros","PE",2601904,260190,2015,60386,48789,NA,NA,0.807952174345047
"207",206,"Bodocó","PE",2602001,260200,2015,37317,17068,20037,0.53694026851033,0.457378674598708
"208",207,"Brejo da Madre de Deus","PE",2602605,260260,2015,49092,27327,20000,0.407398354110649,0.556648741139086
"209",208,"Bom Jardim","PE",2602209,260220,2015,38924,24988,NA,NA,0.641968965162881
"210",209,"Brejão","PE",2602407,260240,2015,8989,4013,NA,NA,0.446434531093559
"211",210,"Brejinho","PE",2602506,260250,2015,7464,4740,NA,NA,0.635048231511254
"212",211,"Mari","PB",2509107,250910,2015,21755,15269,NA,NA,0.701861641002068
"213",212,"Doutor Severiano","RN",2403202,240320,2015,7184,3756,1392,0.193763919821826,0.5228285077951
"214",213,"Machados","PE",2609105,260910,2015,15313,8871,NA,NA,0.579311695944622
"215",214,"Gurinhém","PB",2506400,250640,2015,14117,7334,NA,NA,0.519515477792732
"216",215,"Quixabá","PB",2512606,251260,2015,1901,978,80,0.0420831141504471,0.514466070489216
"217",216,"Almino Afonso","RN",2400604,240060,2015,4899,3499,NA,NA,0.714227393345581
"218",217,"São Domingos do Cariri","PB",2513943,251394,2015,2563,1751,800,0.312134217713617,0.683183769020679
"219",218,"Bonito","PE",2602308,260230,2015,38094,32321,NA,NA,0.848453824749304
"220",219,"Buíque","PE",2602803,260280,2015,56523,17066,NA,NA,0.301930187711197
"221",220,"Cachoeirinha","PE",2603108,260310,2015,19951,17392,NA,NA,0.871735752593855
"222",221,"Caruaru","PE",2604106,260410,2015,347088,339749,152841,0.440352302586088,0.978855506384548
"223",222,"Casinhas","PE",2604155,260415,2015,14219,1670,NA,NA,0.117448484422252
"224",223,"Correntes","PE",2604700,260470,2015,17968,12129,NA,NA,0.67503339269813
"225",224,"Custódia","PE",2605103,260510,2015,36184,21359,NA,NA,0.590288525315056
"226",225,"Cumaru","PE",2604908,260490,2015,13132,7009,NA,NA,0.533734389278099
"227",226,"Feira Nova","PE",2605400,260540,2015,21710,18432,NA,NA,0.849009672961769
"228",227,"Flores","PE",2605608,260560,2015,22588,12911,NA,NA,0.571586683194617
"229",228,"Floresta","PE",2605707,260570,2015,31809,27172,NA,NA,0.854223647395391
"230",229,"Frei Miguelinho","PE",2605806,260580,2015,15137,6063,NA,NA,0.40054171896677
"231",230,"Garanhuns","PE",2606002,260600,2015,136949,136949,13707,0.10008835405881,1
"232",231,"Ibimirim","PE",2606606,260660,2015,28604,15556,NA,NA,0.543840022374493
"233",232,"Inajá","PE",2607000,260700,2015,21932,13264,5021,0.228934889658946,0.604778405982127
"234",233,"Ipubi","PE",2607307,260730,2015,29721,16799,8162,0.2746206386057,0.565223242824939
"235",234,"Itaíba","PE",2607505,260750,2015,26412,17700,NA,NA,0.670149931849159
"236",235,"Itapetim","PE",2607703,260770,2015,13780,9351,NA,NA,0.678592162554427
"237",236,"Jucati","PE",2608255,260825,2015,11202,3985,NA,NA,0.355740046420282
"238",237,"Jupi","PE",2608305,260830,2015,14525,2576,NA,NA,0.177349397590361
"239",238,"Jurema","PE",2608404,260840,2015,15171,13000,NA,NA,0.856898029134533
"240",239,"Lajedo","PE",2608800,260880,2015,39240,39146,NA,NA,0.997604485219164
"241",240,"Mirandiba","PE",2609303,260930,2015,15098,12707,NA,NA,0.841634653596503
"242",241,"Moreilândia","PE",2614303,261430,2015,11242,5336,NA,NA,0.474648639032201
"243",242,"Limoeiro","PE",2608909,260890,2015,56269,43432,NA,NA,0.771863726030319
"244",243,"Manari","PE",2609154,260915,2015,20302,7347,NA,NA,0.361885528519358
"245",244,"Orobó","PE",2609709,260970,2015,23663,7434,NA,NA,0.314161348941385
"246",245,"Panelas","PE",2610202,261020,2015,26464,16338,14410,0.544513301088271,0.617366989117291
"247",246,"Ouricuri","PE",2609907,260990,2015,67676,48928,NA,NA,0.722974171050298
"248",247,"Palmeirina","PE",2610103,261010,2015,7969,5303,NA,NA,0.665453632827205
"249",248,"Paranatama","PE",2610301,261030,2015,11357,1392,NA,NA,0.122567579466408
"250",249,"Pedra","PE",2610806,261080,2015,22401,10734,NA,NA,0.479175036828713
"251",250,"Parnamirim","PE",2610400,261040,2015,21193,12236,NA,NA,0.577360449204926
"252",251,"Passira","PE",2610509,261050,2015,28982,17454,NA,NA,0.602235870540335
"253",252,"Paulista","PE",2610707,251090,2015,12216,4678,NA,NA,0.382940406024885
"254",253,"Pesqueira","PE",2610905,261090,2015,66153,40933,NA,NA,0.618762565567699
"255",254,"Riacho das Almas","PE",2611705,261170,2015,20177,12754,NA,NA,0.632105863111464
"256",255,"São Vicente Ferrer","PE",2613800,261380,2015,17763,8279,NA,NA,0.466081179980859
"257",256,"Poção","PE",2611200,261120,2015,11265,6686,NA,NA,0.593519751442521
"258",257,"Quixaba","PE",2611533,261153,2015,6823,3605,NA,NA,0.528359958962333
"259",258,"Sairé","PE",2612000,261200,2015,10437,9731,NA,NA,0.932356041007952
"260",259,"Salgadinho","PE",2612109,251300,2015,3871,1305,692,0.178765176956859,0.337122190648411
"261",260,"Salgueiro","PE",2612208,261220,2015,59769,59769,19937,0.33356756847195,1
"262",261,"Sanharó","PE",2612406,261240,2015,25047,20948,NA,NA,0.836347666387192
"263",262,"Santa Cruz","PE",2612455,251320,2015,6579,4176,NA,NA,0.634746922024624
"264",263,"Santa Cruz da Baixa Verde","PE",2612471,261247,2015,12375,191,NA,NA,0.0154343434343434
"265",264,"Santa Cruz do Capibaribe","PE",2612505,261250,2015,101485,78656,NA,NA,0.775050500073903
"266",265,"Santa Maria do Cambucá","PE",2612703,261270,2015,13826,6775,NA,NA,0.490018805149718
"267",266,"São Bento do Una","PE",2613008,261300,2015,57659,27118,NA,NA,0.470316862935535
"268",267,"São Caitano","PE",2613107,261310,2015,36763,29594,NA,NA,0.80499415172864
"269",268,"São Joaquim do Monte","PE",2613305,261330,2015,21171,16087,NA,NA,0.759860186103632
"270",269,"São José do Belmonte","PE",2613503,261350,2015,33677,20351,21500,0.638417911334145,0.604299670398195
"271",270,"São José do Egito","PE",2613602,261360,2015,33365,24606,21971,0.65850442080024,0.737479394575154
"272",271,"Serra Talhada","PE",2613909,261390,2015,84352,84352,65450,0.775915212443096,1
"273",272,"Serrita","PE",2614006,261400,2015,19017,10802,NA,NA,0.568018089078193
"274",273,"Sertânia","PE",2614105,261410,2015,35367,19693,NA,NA,0.556818503124382
"275",274,"Surubim","PE",2614501,261450,2015,63166,63166,NA,NA,1
"276",275,"Aroeiras","PB",2501302,250130,2015,19204,NA,NA,NA,NA
"277",276,"Tabira","PE",2614600,261460,2015,27958,25816,NA,NA,0.923385077616425
"278",277,"Tacaimbó","PE",2614709,261470,2015,12891,8999,NA,NA,0.698083934527965
"279",278,"Terra Nova","PE",2615201,261520,2015,10185,9700,NA,NA,0.952380952380952
"280",279,"Trindade","PE",2615607,261560,2015,29519,29519,NA,NA,1
"281",280,"Coxixola","PB",2504850,250485,2015,1892,1040,NA,NA,0.549682875264271
"282",281,"Marizópolis","PB",2509156,250915,2015,6522,5665,NA,NA,0.868598589389758
"283",282,"Açu","RN",2400208,240020,2015,57292,42364,NA,NA,0.739440061439643
"284",283,"Afonso Bezerra","RN",2400307,240030,2015,11202,5475,4706,0.420103552936976,0.488752008569898
"285",284,"Várzea","PB",2517100,251710,2015,2747,2426,1800,0.655260283946123,0.883145249362941
"286",285,"Afogados da Ingazeira","PE",2600104,260010,2015,36709,36709,NA,NA,1
"287",286,"Tupanatinga","PE",2615805,261580,2015,26454,11835,10000,0.378014666969078,0.447380358357904
"288",287,"Tuparetama","PE",2615904,261590,2015,8149,8149,NA,NA,1
"289",288,"Bodó","RN",2401651,240165,2015,2358,1367,NA,NA,0.579728583545377
"290",289,"Verdejante","PE",2616100,261610,2015,9450,9376,NA,NA,0.992169312169312
"291",290,"Caiçara do Rio do Vento","RN",2401909,240190,2015,3608,2845,916,0.253880266075388,0.788525498891353
"292",291,"Acari","RN",2400109,240010,2015,11344,9151,9151,0.806681946403385,0.806681946403385
"293",292,"Vertente do Lério","PE",2616183,261618,2015,7746,2991,NA,NA,0.386134779240899
"294",293,"Vertentes","PE",2616209,261620,2015,19976,14625,NA,NA,0.732128554265118
"295",294,"Água Nova","RN",2400406,240040,2015,3210,2055,NA,NA,0.64018691588785
"296",295,"Rafael Fernandes","RN",2410504,241050,2015,5040,2841,NA,NA,0.563690476190476
"297",296,"Jati","CE",2307205,230720,2015,7807,3296,NA,NA,0.422185218393749
"298",297,"Jardim de Piranhas","RN",2405603,240560,2015,14606,11276,11459,0.784540599753526,0.772011502122415
"299",298,"Luís Gomes","RN",2407005,240700,2015,10129,6625,NA,NA,0.654062592556027
"300",299,"Penaforte","CE",2310605,231060,2015,8817,5679,NA,NA,0.644096631507315
"301",300,"Pilões","RN",2410009,251160,2015,6728,NA,NA,NA,NA
"302",301,"Juazeiro do Norte","CE",2307304,230730,2015,266022,222131,58507,0.219932937877318,0.835009886400373
"303",302,"Maracanaú","CE",2307650,230765,2015,221504,147551,65227,0.294473237503612,0.666132440046229
"304",303,"Barbalha","CE",2301901,230190,2015,58855,34498,3991,0.0678107212641237,0.586152408461473
"305",304,"Aquiraz","CE",2301000,230100,2015,77717,26004,13120,0.168817633207664,0.334598607769214
"306",305,"Aracati","CE",2301109,230110,2015,72727,36102,9694,0.133292999848749,0.496404361516356
"307",306,"Aurora","CE",2301703,230170,2015,24602,10359,1548,0.0629217136818145,0.4210633281847
"308",307,"Baixio","CE",2301802,230180,2015,6198,3307,NA,NA,0.533559212649242
"309",308,"Barro","CE",2302008,230200,2015,22279,11332,1273,0.0571390098298846,0.508640423717402
"310",309,"Beberibe","CE",2302206,230220,2015,52310,8570,3280,0.0627031160389983,0.163831007455553
"311",310,"Cedro","CE",2303808,230380,2015,25013,12298,881,0.0352216847239435,0.491664334546036
"312",311,"Fortaleza","CE",2304400,230440,2015,2591188,2184943,1270591,0.490350758030679,0.843220561379568
"313",312,"Caririaçu","CE",2303204,230320,2015,26858,15373,NA,NA,0.572380668702063
"314",313,"Fortim","CE",2304459,230445,2015,15951,6122,NA,NA,0.383800388690364
"315",314,"Cascavel","CE",2303501,230350,2015,70047,39608,1171,0.016717346924208,0.565448912872785
"316",315,"Caucaia","CE",2303709,230370,2015,353932,240953,104674,0.295746075517331,0.680788965111942
"317",316,"Eusébio","CE",2304285,230428,2015,51127,35342,4423,0.0865100631760127,0.691259021651965
"318",317,"Crato","CE",2304202,230420,2015,128680,127432,35527,0.276087970158533,0.990301523158222
"319",318,"Chorozinho","CE",2303956,230395,2015,19192,6346,11590,0.603897457273864,0.330658607753231
"320",319,"Granjeiro","CE",2304806,230480,2015,4494,1193,502,0.111704494882065,0.265465064530485
"321",320,"Guaiúba","CE",2304954,230495,2015,25841,12787,2131,0.0824658488448589,0.494833791261948
"322",321,"Icapuí","CE",2305357,230535,2015,19418,19418,NA,NA,1
"323",322,"Milagres","CE",2308302,230830,2015,28354,9145,NA,NA,0.32252944910771
"324",323,"Ipaumirim","CE",2305704,230570,2015,12305,6207,NA,NA,0.504429093864283
"325",324,"Icó","CE",2305407,230540,2015,67198,49536,17850,0.265632905741242,0.737164796571326
"326",325,"Jaguaretama","CE",2306702,230670,2015,17997,7442,285,0.0158359726621104,0.413513363338334
"327",326,"Itaiçaba","CE",2306207,230620,2015,7656,2434,NA,NA,0.317920585161964
"328",327,"Itaitinga","CE",2306256,230625,2015,38540,35546,708,0.0183705241307732,0.922314478463934
"329",328,"Jaguaribara","CE",2306801,230680,2015,11102,7700,5627,0.506845613402991,0.693568726355612
"330",329,"Jaguaribe","CE",2306900,230690,2015,34561,32672,8253,0.23879517375076,0.945343016695119
"331",330,"Missão Velha","CE",2308401,230840,2015,35240,11897,369,0.0104710556186152,0.337599318955732
"332",331,"Lavras da Mangabeira","CE",2307502,230750,2015,31383,14855,NA,NA,0.4733454417997
"333",332,"Limoeiro do Norte","CE",2307601,230760,2015,58175,57593,9925,0.170605930382467,0.989995702621401
"334",333,"Maranguape","CE",2307700,230770,2015,123570,71863,7088,0.0573602006959618,0.581557012219795
"335",334,"Mauriti","CE",2308104,230810,2015,46113,15001,2671,0.0579229284583523,0.325309565632251
"336",335,"Morada Nova","CE",2308708,230870,2015,61903,58000,1600,0.0258468894883931,0.936949743954251
"337",336,"Ocara","CE",2309458,230945,2015,25123,4874,777,0.0309278350515464,0.194005492974565
"338",337,"Pacajus","CE",2309607,230960,2015,68800,40004,1851,0.0269040697674419,0.581453488372093
"339",338,"Pacatuba","CE",2309706,230970,2015,80378,58004,30799,0.383176988728259,0.721640249819602
"340",339,"Palhano","CE",2310001,231000,2015,9209,3326,NA,NA,0.361168422195678
"341",340,"Porteiras","CE",2311108,231110,2015,15010,5178,867,0.057761492338441,0.344970019986676
"342",341,"Russas","CE",2311801,231180,2015,75018,39333,10687,0.14245914313898,0.524314164600496
"343",342,"Quixeré","CE",2311504,231150,2015,21572,5090,NA,NA,0.235954014463193
"344",343,"São Gonçalo do Amarante","CE",2312403,231240,2015,47297,15927,5987,0.126583081379369,0.336744402393386
"345",344,"Tabuleiro do Norte","CE",2313104,231310,2015,30263,15973,2041,0.0674420910022139,0.527806232032515
"346",345,"Umari","CE",2313708,231370,2015,7665,2451,4550,0.593607305936073,0.319765166340509
"347",346,"Várzea Alegre","CE",2314003,231400,2015,40062,21501,17900,0.446807448454895,0.536693125655234
"348",347,"Pindoretama","CE",2310852,231085,2015,20207,12100,NA,NA,0.598802395209581
"349",348,"Parelhas","RN",2408904,240890,2015,21483,18032,17786,0.827910440813667,0.839361355490388
"350",349,"Parnamirim","RN",2403251,261040,2015,21193,12236,NA,NA,0.577360449204926
"351",350,"Passagem","RN",2409209,251070,2015,2383,2115,NA,NA,0.887536718422157
"352",351,"Patu","RN",2409308,240930,2015,12706,417,NA,NA,0.0328191405635133
"353",352,"Pau dos Ferros","RN",2409407,240940,2015,29954,27622,3782,0.126260265740803,0.92214729251519
"354",353,"Pedra Preta","RN",2409605,240960,2015,2568,982,NA,NA,0.382398753894081
"355",354,"Pedro Avelino","RN",2409704,240970,2015,7059,4056,3256,0.461255135288284,0.574585635359116
"356",355,"Pendências","RN",2409902,240990,2015,14751,10168,4223,0.286285675547421,0.689309199376314
"357",356,"Solidão","PE",2614402,261440,2015,5949,2095,NA,NA,0.352160026895277
"358",357,"Portalegre","RN",2410207,241020,2015,7811,4101,NA,NA,0.525028805530662
"359",358,"Alagoinha","PE",2600609,250050,2015,14284,11100,NA,NA,0.777093251190143
"360",359,"Rafael Godeiro","RN",2410603,241060,2015,3213,2028,NA,NA,0.631185807656396
"361",360,"Barra de São Miguel","PB",2501708,250170,2015,5905,NA,NA,NA,NA
"362",361,"Riacho da Cruz","RN",2410702,241070,2015,3485,1987,NA,NA,0.570157819225251
"363",362,"Riacho de Santana","RN",2410801,241080,2015,4278,1451,NA,NA,0.339177185600748
"364",363,"Rodolfo Fernandes","RN",2411007,241100,2015,4547,3843,NA,NA,0.845172641301957
"365",364,"Santa Cruz","RN",2411205,251320,2015,6579,4176,NA,NA,0.634746922024624
"366",365,"Sumé","PB",2516300,251630,2015,16784,14948,4375,0.260664918970448,0.890610104861773
"367",366,"Barra de Santana","PB",2501575,250157,2015,8249,891,NA,NA,0.10801309249606
"368",367,"Bayeux","PB",2501807,250180,2015,96140,77843,8793,0.0914603702933222,0.809683794466403
"369",368,"Belém do Brejo do Cruz","PB",2502003,250200,2015,7320,5130,7320,1,0.700819672131147
"370",369,"Taperoá","PB",2516508,251650,2015,15376,NA,NA,NA,NA
"371",370,"Bernardino Batista","PB",2502052,250205,2015,3356,NA,NA,NA,NA
"372",371,"São José do Seridó","RN",2412401,241240,2015,4567,2972,2827,0.619005911977228,0.650755419312459
"373",372,"São Miguel","RN",2412500,241250,2015,23274,15231,NA,NA,0.654421242588296
"374",373,"Tenório","PB",2516755,251675,2015,3011,1200,1,0.000332115576220525,0.39853869146463
"375",374,"Triunfo","PB",2516805,251680,2015,9447,NA,NA,NA,NA
"376",375,"Campina Grande","PB",2504009,250400,2015,405072,405072,357612,0.882835644033653,1
"377",376,"Santana do Seridó","RN",2411429,241142,2015,2675,1626,1751,0.654579439252336,0.60785046728972
"378",377,"São Rafael","RN",2412807,241280,2015,8347,5733,4977,0.596262130106625,0.686833592907631
"379",378,"Toritama","PE",2615409,261540,2015,42123,34414,NA,NA,0.816988343660233
"380",379,"Cacimba de Areia","PB",2503407,250340,2015,3713,1869,NA,NA,0.503366549959601
"381",380,"Caraúbas","PB",2504074,250407,2015,4115,1918,2318,0.563304981773998,0.466099635479951
"382",381,"Carrapateira","PB",2504108,250410,2015,2601,NA,NA,NA,NA
"383",382,"Catolé do Rocha","PB",2504306,250430,2015,30179,22542,5803,0.192286026707313,0.746943238675901
"384",383,"Uiraúna","PB",2516904,251690,2015,15228,12794,NA,NA,0.840162857893354
